{"stats":{"minecraft:used":{"minecraft:crafting_table":1},"minecraft:crafted":{"minecraft:crafting_table":1,"minecraft:oak_planks":8,"minecraft:stick":4},"minecraft:mined":{"minecraft:grass":1,"minecraft:grass_block":3,"minecraft:oak_log":2},"minecraft:picked_up":{"minecraft:oak_log":2,"minecraft:dirt":3},"minecraft:custom":{"minecraft:jump":8,"minecraft:time_since_rest":4994,"minecraft:crouch_one_cm":814,"minecraft:leave_game":3,"minecraft:play_time":4994,"minecraft:time_since_death":4994,"minecraft:sprint_one_cm":1454,"minecraft:walk_one_cm":1694,"minecraft:sneak_time":143,"minecraft:total_world_time":4994,"minecraft:interact_with_crafting_table":3,"minecraft:fly_one_cm":1248}},"DataVersion":3465}